Feature,Importance
mean_Nd,3.343471050262451
EG_max,0.9932870268821716
EG_B1,0.7499842643737793
Nd_max,0.5240803360939026
EG_B2,0.4813559949398041
r_B2X,0.21705661714076996
