Feature,Weight
EG_B2,0.2413768361119782
EG_B1,0.12984506229438372
EG_max,0.18839623594464347
r_B2X,0.09619642349716272
Nd_max,0.1768948404085925
mean_Nd,0.16729060174323945
